product_title,JobURL
PLANT STAND WITH FINIAL,https://www.walmart.com/ip/PLANT-STAND-WITH-FINIAL/23037426
Gardman Forge Wall Trough Planter,https://www.walmart.com/ip/Gardman-Forge-Wall-Trough-Planter/23143045
Raised Garden Bed Beige,https://www.walmart.com/ip/Raised-Garden-Bed-Beige/932891340
42'' Jute Macrame Plant Hanger Pot Holder Basket Wit  ...,https://www.walmart.com/ip/42-Jute-Macrame-Plant-Hanger-Pot-Holder-Basket-With-Hanging-Ring-Beads-Indoor-Outdoor-Decorative-Flower-107cm-Home-Garden/790587438
"Greenes Fence 48"" x 96"" x 17.5"" Cedar Raised Garden   ...",https://www.walmart.com/ip/Greenes-Fence-48-x-96-x-17-5-Cedar-Raised-Garden-Bed/54573312
Austram Nile Round Indoor/Outdoor Planter,https://www.walmart.com/ip/Austram-Nile-Round-Indoor-Outdoor-Planter/51801863
2 Pack of 7 Inch Flat Gray Plastic Self Watering Fla  ...,https://www.walmart.com/ip/2-Pack-of-7-Inch-Flat-Gray-Plastic-Self-Watering-Flare-Flower-Pot-or-Garden-Planter/289471650
"Southern Patio CF-029823 Hanging Planters, Lattice B  ...",https://www.walmart.com/ip/Southern-Patio-CF-029823-Hanging-Planters-Lattice-Basket-12-x-7-In/49243481
Rectangle Galvanized Metal Planters with Stands (Set  ...,https://www.walmart.com/ip/Rectangle-Galvanized-Metal-Planters-with-Stands-Set-of-2/412595010
"Better Homes and Gardens Monteverde Outdoor Planter,  ...",https://www.walmart.com/ip/Better-Homes-and-Gardens-Monteverde-Outdoor-Planter-Multiple-Sizes/13072115
THY COLLECTIBLES Hand-Weaved Macrame Plant Hanger In  ...,https://www.walmart.com/ip/THY-COLLECTIBLES-Hand-Weaved-Macrame-Plant-Hanger-Indoor-Outdoor-Hanging-Planter-Basket-Cotton-Rope-4-Legs-Beaded-Creamy-White-32-Length/160260147
"Greenes Fence 2' x 4' x 10.5"" Cedar Raised Garden Be  ...",https://www.walmart.com/ip/Greenes-Fence-2-x-4-x-10-5-Cedar-Raised-Garden-Bed/48569362
Att Southern HW1224WH 12-Inch White Hanging Basket P  ...,https://www.walmart.com/ip/Att-Southern-HW1224WH-12-Inch-White-Hanging-Basket-Planter/47411676
CobraCo Open-End Adjustable Black Flower Box Holder,https://www.walmart.com/ip/CobraCo-Open-End-Adjustable-Black-Flower-Box-Holder/28761787
Best Selling Home Antique Gray Moroccan 20 in. Urn P  ...,https://www.walmart.com/ip/Best-Selling-Home-Antique-Gray-Moroccan-20-in-Urn-Planter/26412605
Suncast Willow Resin Wicker Planter - Set of 2,https://www.walmart.com/ip/Suncast-Willow-Resin-Wicker-Planter-Set-of-2/51787816
NEW! HYDROFARM 3 Gal Premium Poly-Tainer Nursery Gar  ...,https://www.walmart.com/ip/NEW-HYDROFARM-3-Gal-Premium-Poly-Tainer-Nursery-Garden-Planter-Pot-TR50035/49843794
Summerfield Terrace Pink Flamingo Teacup Planter,https://www.walmart.com/ip/Summerfield-Terrace-Pink-Flamingo-Teacup-Planter/800505608
GRECIAN URN PLANTER,https://www.walmart.com/ip/GRECIAN-URN-PLANTER/24819811
Dazone Metal Cart Flower Rack Display Garden Tree Ho  ...,https://www.walmart.com/ip/Dazone-Metal-Cart-Flower-Rack-Display-Garden-Tree-Home-Decor-Patio-Plant-Stand-Holder/659733500
Zingz and Thingz Corner Plant Stand,https://www.walmart.com/ip/Zingz-and-Thingz-Corner-Plant-Stand/49973972
"25 - 3"" x 2.5"" Clay Pots - Great for Plants and Craf  ...",https://www.walmart.com/ip/25-3-x-2-5-Clay-Pots-Great-for-Plants-and-Crafts/125517999
Bloem Milano 4 Piece Rail Planter Set Terra Cotta,https://www.walmart.com/ip/Bloem-Milano-4-Piece-Rail-Planter-Set-Terra-Cotta/35029135
"Pennington Ceramic Aurora Square Pot, 8 inch",https://www.walmart.com/ip/Pennington-Ceramic-Aurora-Square-Pot-8-inch/185682678
Better Homes and Gardens 30 in. Outdoor Lattice Coco  ...,https://www.walmart.com/ip/Better-Homes-and-Gardens-30-in-Outdoor-Lattice-Coco-Window-Box-Planter/56217647
Best Choice Products Premium 4 Tone Artificial Grass  ...,https://www.walmart.com/ip/Best-Choice-Products-Premium-4-Tone-Artificial-Grass-Turf-Indoor-Outdoor-Landscape-Use-W-Drainage-Holes-39-x-28/905729736
9 Plant Sites Spots Grow Deep Water Culture Kit Syst  ...,https://www.walmart.com/ip/9-Plant-Sites-Spots-Grow-Deep-Water-Culture-Kit-System-Bubble-Tub-Hydroponics/156693205
"Monarch Accent Table 32""H / Cappuccino",https://www.walmart.com/ip/Monarch-Accent-Table-32-H-Cappuccino/43335852
"Bloem Veranda Deck Box Planter 18"" Peppercorn",https://www.walmart.com/ip/Bloem-Veranda-Deck-Box-Planter-18-Peppercorn/168600762
4 in. dia. Terra Cotta Pots (12-pack),https://www.walmart.com/ip/4-in-dia-Terra-Cotta-Pots-12-pack/974753764
5.5-Foot Outdoor Triangle Vinyl Oxford Corner Plante  ...,https://www.walmart.com/ip/5-5-Foot-Outdoor-Triangle-Vinyl-Oxford-Corner-Planter-with-Trellis/21315133
Fairfield Patio Planter 20x36 White,https://www.walmart.com/ip/Fairfield-Patio-Planter-20x36-White/15204461
Raised Bed Corner Connectors N426,https://www.walmart.com/ip/Raised-Bed-Corner-Connectors-N426/28638901
"Ups-A-Daisy Round Planter Insert 12""-Fits 14-16"" Pot  ...",https://www.walmart.com/ip/Ups-A-Daisy-Round-Planter-Insert-12-Fits-14-16-Pots/24300091
Veradek Nobleton Planter - Black - 18 in.,https://www.walmart.com/ip/Veradek-Nobleton-Planter-Black-18-in/45010267
Plant Hangers for Snap and Grow and Multi Line Green  ...,https://www.walmart.com/ip/Plant-Hangers-for-Snap-and-Grow-and-Multi-Line-Greenhouses/14868309
"Akro Mils IFA14000BE4 14"" x 11.54"" Teal Infinity Sel  ...",https://www.walmart.com/ip/Akro-Mils-IFA14000BE4-14-x-11-54-Teal-Infinity-Self-Watering-Planter/51555619
Pennington Ceramic Vintage Floral Window Box Pot/Pla  ...,https://www.walmart.com/ip/Pennington-Ceramic-Vintage-Floral-Window-Box-Pot-Planter-12-inch/46855941
Att Southern WB3012OT 30-Inch Sand Windowbox Planter  ...,https://www.walmart.com/ip/Att-Southern-WB3012OT-30-Inch-Sand-Windowbox-Planter-Saucer/47411570
Mosquito Repelling Creeping Lemon Thyme- Live Plant   ...,https://www.walmart.com/ip/Mosquito-Repelling-Creeping-Lemon-Thyme-Live-Plant-FANTASTIC-3-Pot/166617293
10 Tier Plant Stand Wooden Flower Pot Display Rack S  ...,https://www.walmart.com/ip/10-Tier-Plant-Stand-Wooden-Flower-Pot-Display-Rack-Shelf-Indoors-Outdoor-Plant-Corner-Holder/571283198
BHG SET OF TWO 15IN WHITE PLT STAND,https://www.walmart.com/ip/BHG-SET-OF-TWO-15IN-WHITE-PLT-STAND/917732973
"25 - 2.5"" x 2.25"" Clay Pots - Great for Plants and C  ...",https://www.walmart.com/ip/25-2-5-x-2-25-Clay-Pots-Great-for-Plants-and-Crafts/138949151
"Bloem Modica Deck Rail Planter 12"" Honey Dew",https://www.walmart.com/ip/Bloem-Modica-Deck-Rail-Planter-12-Honey-Dew/381714732
Poly-Tex Galvanized 2-Tier Steel Work Bench / Greenh  ...,https://www.walmart.com/ip/Poly-Tex-Galvanized-2-Tier-Steel-Work-Bench-Greenhouse-Work-Station/14868310
"Primitive Planters 2114 36"" Macrame Brown Plant Hang  ...",https://www.walmart.com/ip/Primitive-Planters-2114-36-Macrame-Brown-Plant-Hanger/17629914
"Pot Holder Set, 2 Piece Oversized Heat Resistant Qui  ...",https://www.walmart.com/ip/Pot-Holder-Set-2-Piece-Oversized-Heat-Resistant-Quilted-Cotton-Pot-Holders-By-Somerset-Home/245488583
Perky-Pet Planter Box Plastic Hummingbird Feeder wit  ...,https://www.walmart.com/ip/Perky-Pet-Planter-Box-Plastic-Hummingbird-Feeder-with-Hanger/16457383
"Bloem Dura Cotta Planter 16"" Terra Cotta",https://www.walmart.com/ip/Bloem-Dura-Cotta-Planter-16-Terra-Cotta/35029871
Convenience Concepts Newport Prism Medium Plant Stan  ...,https://www.walmart.com/ip/Convenience-Concepts-Newport-Prism-Medium-Plant-Stand/56112146
Raised Vegetable Garden Bed Elevated Planter Kit Gro  ...,https://www.walmart.com/ip/Raised-Vegetable-Garden-Bed-Elevated-Planter-Kit-Grow-Gardening-Vegetables/210308681
Southern Patio Sales Resin Barrel Planter,https://www.walmart.com/ip/Southern-Patio-Sales-Resin-Barrel-Planter/38235934
"Primitive Planters 2114 36"" Macrame Brown Plant Hang  ...",https://www.walmart.com/ip/Primitive-Planters-2114-36-Macrame-Brown-Plant-Hanger/17629914
Swivel Hanging Plant Bracket,https://www.walmart.com/ip/Swivel-Hanging-Plant-Bracket/38472530
Fairfield Tall Planter Espresso,https://www.walmart.com/ip/Fairfield-Tall-Planter-Espresso/789760082
Costway Wooden Vegetable Raised Garden Bed Patio Bac  ...,https://www.walmart.com/ip/Costway-Wooden-Vegetable-Raised-Garden-Bed-Patio-Backyard-Grow-Flowers-Plants-Planter/975934952
Octagon Self Watering Glazed Ceramic Pot - Jade - 5   ...,https://www.walmart.com/ip/Octagon-Self-Watering-Glazed-Ceramic-Pot-Jade-5-1-4-x-4-1-4/185327814
3 Tier Outdoor Bamboo Flower Plant Pot Shelf Stand F  ...,https://www.walmart.com/ip/3-Tier-Outdoor-Bamboo-Flower-Plant-Pot-Shelf-Stand-Folding-Display-Rack-Garden-Yard/495246933
Motion Sensored Farting Gnome Planter,https://www.walmart.com/ip/Motion-Sensored-Farting-Gnome-Planter/123698291
Emsco Group 2355-1 City Pickers Replacement Mulch Co  ...,https://www.walmart.com/ip/Emsco-Group-2355-1-City-Pickers-Replacement-Mulch-Covers-Black/54052871
10pcs Non-Woven Fabric Smart Plant Indoor Outdoor Gr  ...,https://www.walmart.com/ip/10pcs-Non-Woven-Fabric-Smart-Plant-Indoor-Outdoor-Grow-Prune-Pot-Bag-5-Gallon/964776491
Classic Sienna Raised Garden Bed 8' x 8' x 11â€ â€“ 1â€   ...,https://www.walmart.com/ip/Classic-Sienna-Raised-Garden-Bed-8-x-8-x-11-1-profile/39461451
"Plantation Products FT36HFB 11"" x 22"" Plant Pot Seed  ...",https://www.walmart.com/ip/Plantation-Products-FT36HFB-11-x-22-Plant-Pot-Seed-Starter-Tray/34013368
"Planter for Home, Patio, or Garden Indoor/Outdoor wi  ...",https://www.walmart.com/ip/Planter-for-Home-Patio-or-Garden-Indoor-Outdoor-with-Natural-Birch-Tree-Look-Vertical-12-by-Surreal/55206402
"Panacea Products 82313 Resin Wicker Window Planter,   ...",https://www.walmart.com/ip/Panacea-Products-82313-Resin-Wicker-Window-Planter-Brown-24-In/149066102
Top Land Trading Fairy Baby Flower Pot Hugger for Mi  ...,https://www.walmart.com/ip/Top-Land-Trading-Fairy-Baby-Flower-Pot-Hugger-for-Miniature-Garden-Fairy-Garden/186916420
PANACEA PRODUCTS CORP 9-Inch Black Hanging Plant Bra  ...,https://www.walmart.com/ip/PANACEA-PRODUCTS-CORP-9-Inch-Black-Hanging-Plant-Bracket/46649952
"Planter LILIA 7.5 Inch White, With Saucer",https://www.walmart.com/ip/Planter-LILIA-7-5-Inch-White-With-Saucer/157740476
Costway Outdoor Wooden Plant Flower Display Stand 6   ...,https://www.walmart.com/ip/Costway-Outdoor-Wooden-Plant-Flower-Display-Stand-6-Wood-Shelf-Storage-Rack-Garden/152921255
Darby Home Co Corliss Tiki Torch (Set of 2),https://www.walmart.com/ip/Darby-Home-Co-Corliss-Tiki-Torch-Set-of-2/967738953
Zingz and Thingz 4-Tier Plant Stand Screen,https://www.walmart.com/ip/Zingz-and-Thingz-4-Tier-Plant-Stand-Screen/49975880
"2pcs Plant Hanger 43.3"" Hemp Jute Macrame Rope Plant  ...",https://www.walmart.com/ip/2pcs-Plant-Hanger-43-3-Hemp-Jute-Macrame-Rope-Plant-Flower-Pot-Holder-Hanging-Basket-Double-Layer-Hold-Two-Plant-Pot/638979684
Square Teak Wood Shadow Tree Box,https://www.walmart.com/ip/Square-Teak-Wood-Shadow-Tree-Box/17671582
Living Room Plastic Floral Shaped Cactus Flower Plan  ...,https://www.walmart.com/ip/Living-Room-Plastic-Floral-Shaped-Cactus-Flower-Plant-Container-Pot-Orange/762904436
Gardman R408 14 in Black Traditional Hanging Basket   ...,https://www.walmart.com/ip/Gardman-R408-14-in-Black-Traditional-Hanging-Basket-Liner/15920201
"Bosmere 15"" Double Wire Plant Support, Set of 3",https://www.walmart.com/ip/Bosmere-15-Double-Wire-Plant-Support-Set-of-3/47300969
Orino Cotton Rope Macrame Plant Holder Dyed Hanging   ...,https://www.walmart.com/ip/Orino-Cotton-Rope-Macrame-Plant-Holder-Dyed-Hanging-Planter-Basket-4-Legs-40-Inch-Blue/349427951
"Keter Urban Bloomer, Resin Elevated Planter Raised G  ...",https://www.walmart.com/ip/Keter-Urban-Bloomer-Resin-Elevated-Planter-Raised-Garden-Bed/109392201
"10"" Rnd Coco Liner",https://www.walmart.com/ip/10-Rnd-Coco-Liner/38691621
BloemBagz Deck Rail 4-Pocket Hanging Planter Bag Cal  ...,https://www.walmart.com/ip/BloemBagz-Deck-Rail-4-Pocket-Hanging-Planter-Bag-Calypso/700130523
